Name,Sustainable,Mercury,Description,In Season,Sources,Explanation
Anchovy (Atlantic),True,low,"Small fish, known for their strong flavour when cured. ",,"http://www.fishonline.org/fishfinder?fish=anchovy, http://www.seafoodwatch.org/cr/seafoodwatch/web/sfw_factsheet.aspx?gid=108, http://www.fda.gov/food/foodborneillnesscontaminants/metals/ucm115644.htm","The MCS rates Atlantic anchovy as 2-3, and is currently evaluating other fisheries. The Monterey Bay Aquarium states that anchovy from the Black and Mediterranean seas is unsustainable. "
Anchovy (Other),False,low,"Small fish, known for their strong flavour when cured. ",,"http://www.fishonline.org/fishfinder?fish=anchovy, http://www.seafoodwatch.org/cr/seafoodwatch/web/sfw_factsheet.aspx?gid=108, http://www.fda.gov/food/foodborneillnesscontaminants/metals/ucm115644.htm","The MCS rates Atlantic anchovy as 2-3, and is currently evaluating other fisheries. The Monterey Bay Aquarium states that anchovy from the Black and Mediterranean seas is unsustainable. "
Arctic Char,True,?,A freshwater fish related to salmon and trout. Char are farmed in land-based systems that minimize environmental impact and require relatively little feed. ,,http://www.fishonline.org/fishfinder?fish=char,The MCS approves of eating both farmed and wild-caught arctic char. The Monterey Bay Aquarium and Greenpeace have no data. 
Barramundi (US/Europe/Australia),True,?,A popular fish in Thai cuisine and in Australia. It is fished and farmed across the world. Also called Asian seabass. ,,http://www.seafoodwatch.org/cr/seafoodwatch/web/sfw_factsheet.aspx?gid=3,"The Monterey Bay Aquarium states that US and Australian barramundi is generally good to eat, as is other barramundi that is farmed in closed systems. The MCS, FishWatch and Greenpeace have no data. "
Barramundi (Closed Production),True,?,A popular fish in Thai cuisine and in Australia. It is fished and farmed across the world. Also called Asian seabass. ,,http://www.seafoodwatch.org/cr/seafoodwatch/web/sfw_factsheet.aspx?gid=3,"The Monterey Bay Aquarium states that US and Australian barramundi is generally good to eat, as is other barramundi that is farmed in closed systems. The MCS, FishWatch and Greenpeace have no data. "
Barramundi (Other),False,?,A popular fish in Thai cuisine and in Australia. It is fished and farmed across the world. Also called Asian seabass. ,,http://www.seafoodwatch.org/cr/seafoodwatch/web/sfw_factsheet.aspx?gid=3,"The Monterey Bay Aquarium states that US and Australian barramundi is generally good to eat, as is other barramundi that is farmed in closed systems. The MCS, FishWatch and Greenpeace have no data. "
Bream (Organic Farmed Gilthead Bream),False,?,"Also called daurade or dorada, a popular Mediterranean fish that is unfortunately farmed in an environmentally damaging way - but organic certified Gilthead Bream is fine according to the MCS.",,"http://www.fishonline.org/fishfinder?fish=bream, http://www.seafoodwatch.org/cr/seafoodwatch/web/sfw_factsheet.aspx?gid=102","The MCS rates organic farmed gilthead bream as a 2, but other kinds of bream as a 4-5. The Monterey Bay Aquarium lists gilthead farmed in closed tanks as a Best Choice. "
Bream (Other),False,?,Other types of bream such as red seabream are unsustainable.,,"http://www.fishonline.org/fishfinder?fish=bream, http://www.seafoodwatch.org/cr/seafoodwatch/web/sfw_factsheet.aspx?gid=102","The MCS rates organic farmed gilthead bream as a 2, but other kinds of bream as a 4-5. The Monterey Bay Aquarium lists gilthead farmed in closed tanks as a Best Choice. "
Brown Crab,True,?,"A reddish-brown crab with an oval carapace sporting a characteristic wavy ""pie crust"" edge. Stocks may be on the brink of decline. ",,http://www.fishonline.org/fishfinder?fish=brown,"The Marine Conservation Society rates pot-caught crab as 2, is evaluating some other fisheries, and raises concerns that the stock levels are showing indications of declining, and are not formally assessed. The Monterey Bay Aquarium and Greenpeace have no data. "
Catfish,True,low,"A very popular farmed fish in the US, their vegetarian diet makes them low-impact. ",,"http://www.seafoodwatch.org/cr/seafoodwatch/web/sfw_factsheet.aspx?gid=9, http://www.fishonline.org/fishfinder?fish=catfish, http://www.fda.gov/food/foodborneillnesscontaminants/metals/ucm115644.htm",The Monterey Bay Aquarium lists US farmed catfish as a Best Choice and other catfish as a good alternative. The MCS rates catfish as a 2-3. 
Clam (Ocean Quahog),False,low,"Clams are generally sustainable, and stock levels are good. Greenpeace quotes destructive fishing methods, habitat impact, and poor fishery management as reasons for putting the Ocean Quahog on the red list.",,"http://www.seafoodwatch.org/cr/seafoodwatch/web/sfw_factsheet.aspx?gid=12, http://www.fishonline.org/fishfinder?fish=clam, http://www.greenpeace.org/usa/en/campaigns/oceans/seafood/red-fish/, http://www.fda.gov/food/foodborneillnesscontaminants/metals/ucm115644.htm","The Monterey Bay Aquarium rates all clams as Best Choice or Good Alternative, but Greenpeace quotes destructive fishing methods, habitat impact, and poor fishery management as reasons for putting the Ocean Quahog on the red list. The MCS is assessing its information and has no data. "
Clam (Other),True,low,"Clams are generally sustainable, and stock levels are good. ",,"http://www.seafoodwatch.org/cr/seafoodwatch/web/sfw_factsheet.aspx?gid=12, http://www.fishonline.org/fishfinder?fish=clam, http://www.greenpeace.org/usa/en/campaigns/oceans/seafood/red-fish/, http://www.fda.gov/food/foodborneillnesscontaminants/metals/ucm115644.htm","The Monterey Bay Aquarium rates all clams as Best Choice or Good Alternative, but Greenpeace quotes destructive fishing methods, habitat impact, and poor fishery management as reasons for putting the Ocean Quahog on the red list. The MCS is assessing its information and has no data. "
Cockle (Dredged),False,?,"Small saltwater clams with a round, ribbed shell. Avoid cockles harvested by dredging as this damages the seafloor.",,http://www.fishonline.org/fishfinder?fish=cockle,"The MCS advises against consuming dredged cockles as dredging damages the sea floor. Hand-gathered cockles are rated 2. The Monterey Bay Aquarium, FishWatch and Greenpeace have no data. "
Cockle (Hand Gathered),True,?,"Small saltwater clams with a round, ribbed shell. Hand-gathered cockles are generally screened for size and are very sustainable.",,http://www.fishonline.org/fishfinder?fish=cockle,"The MCS advises against consuming dredged cockles as dredging damages the sea floor. Hand-gathered cockles are rated 2. The Monterey Bay Aquarium, FishWatch and Greenpeace have no data. "
Cod,False,low,"A very popular mild-flavoured white fish that is sadly very much overfished. Try pollack, coley or gurnard instead. ",,"http://www.seafoodwatch.org/cr/seafoodwatch/web/sfw_factsheet.aspx?gid=14, http://www.fishonline.org/fishfinder?fish=cod, http://www.greenpeace.org/usa/en/campaigns/oceans/seafood/red-fish/, http://www.fda.gov/food/foodborneillnesscontaminants/metals/ucm115644.htm","Data on cod is very contradictory, and there is no clear and easy rule to determine what cod is sustainable. "
Coley/Saithe (Iceland),True,?,"A good alternative to cod, recognisable by a distinctive white line running along its side. ",,http://www.fishonline.org/fishfinder?fish=coley,The Marine Conservation Society rates coley as 2-4 depending on capture area. 
Coley/Saithe (Other),False,?,"A good alternative to cod, recognisable by a distinctive white line running along its side. ",,http://www.fishonline.org/fishfinder?fish=coley,The Marine Conservation Society rates coley as 2-4 depending on capture area. 
Crayfish (US),True,low,"River-dwelling crustaceans resembling small lobsters, commonly farmed in ponds. ",,"http://www.seafoodwatch.org/cr/seafoodwatch/web/sfw_factsheet.aspx?gid=113, http://www.fda.gov/food/foodborneillnesscontaminants/metals/ucm115644.htm","The Monterey Bay Aquarium states that US farmed crayfish are a ""Best Choice"", but to ""Avoid"" imported ones. The MCS, FishWatch and Greenpeace have no data. So while this view is probably too US-centric, in the absence of further information, US crayfish is rated as sustainable and all other crayfish is not. "
Crayfish (Other),False,low,"River-dwelling crustaceans resembling small lobsters, commonly farmed in ponds. Crayfish from China in particular are not recommended.",,"http://www.seafoodwatch.org/cr/seafoodwatch/web/sfw_factsheet.aspx?gid=113, http://www.fda.gov/food/foodborneillnesscontaminants/metals/ucm115644.htm","The Monterey Bay Aquarium states that US farmed crayfish are a ""Best Choice"", but to ""Avoid"" imported ones. The MCS, FishWatch and Greenpeace have no data. So while this view is probably too US-centric, in the absence of further information, US crayfish is rated as sustainable and all other crayfish is not. "
Dab,False,?,A kind of flatfish similar to the plaice and flounder. ,,"http://www.seafoodwatch.org/cr/seafoodwatch/web/sfw_factsheet.aspx?gid=92, http://www.fishonline.org/fishfinder?fish=dab","The Monterey Bay Aquarium lists dab as ""Avoid"", while the MCS rates it at a 2-3. "
Dogfish,False,high,"Dogfish are small sharks, and as such are not sustainable, as they are few in number and reproduce only slowly. ",,"http://www.fishonline.org/fishfinder?fish=dogfish, http://www.greenpeace.org/usa/en/campaigns/oceans/seafood/red-fish/, http://www.fda.gov/food/foodborneillnesscontaminants/metals/ucm115644.htm","The MCS rates dogfish as 3-5. As a kind of shark, dogfish are on the Greenpeace red list. "
Eel,False,?,"Long, bottom-feeding fish. Both farmed and wild caught eels are very problematic: Farming produces a lot of pollution and eel fisheries are over-exploiting stocks and causing habitat damage. Popular in sushi, but please avoid. ",,"http://www.seafoodwatch.org/cr/seafoodwatch/web/sfw_factsheet.aspx?gid=20, http://www.fishonline.org/fishfinder?fish=eel","The Monterey Bay Aquarium lists eel as ""Avoid"", and the MCS lists all types of eel as 5 - very unsustainable. "
European Perch,True,?,A popular food and angling fish found in Europe and Asia. Considered an invasive species in Australia. ,,http://www.iucnredlist.org/apps/redlist/details/16580/0,"The Monterey Bay Aquarium, Greenpeace, the MCS, and FishWatch have no data. The IUCN rates it as ""Least Concern"". "
Flounder,False,low,A kind of flatfish similar to the plaice and dab. ,,"http://www.seafoodwatch.org/cr/seafoodwatch/web/sfw_factsheet.aspx?gid=21, http://www.fishonline.org/fishfinder?fish=flounder, http://www.fda.gov/food/foodborneillnesscontaminants/metals/ucm115644.htm","The Monterey Bay Aquarium lists flounders as a mixture of Good Alternative and Avoid, while the MCS rates them as a 3. On balance, flounder not known to be specifically sustainable should be avoided. "
Grenadier/Hoki/Whiptail,False,?,"A long-lived, slow-breeding, deep-sea fish with thin tails. Also called hoki, blue hake or whiptail. Grenadiers only begin breeding at 20 to 40 years. As a result, stocks are very fragile. ",,"http://www.seafoodwatch.org/cr/seafoodwatch/web/sfw_factsheet.aspx?gid=22, http://www.fishonline.org/fishfinder?fish=grenadier, http://www.greenpeace.org/usa/en/campaigns/oceans/seafood/red-fish/","The Monterey Bay Aquarium rates MSC certified grenadier as a good alternative, but the MCS rate it as 5, and it's on the Greenpeace red list. "
Gurnard,True,?,"A good alternative to cod, gurnard is currently often treated as by-catch and discarded. ",,http://www.fishonline.org/fishfinder?fish=Gurnard,"The MCS lists three different kinds of gurnard, rating them 3. The Monterey Bay Aquarium and Greenpeace have no data. "
Haddock,False,low,A popular fish easily recognised by a distinctive black line running along its side. ,,"http://www.seafoodwatch.org/cr/seafoodwatch/web/sfw_factsheet.aspx?gid=24, http://www.fishonline.org/fishfinder?fish=haddock, http://www.fda.gov/food/foodborneillnesscontaminants/metals/ucm115644.htm","The Monterey Bay Aquarium lists some haddock as ""Good Alternative"", other as ""Avoid"". The MCS shows a very mixed picture, with some Atlantic populations rated 2, and others rated 5. In conclusion, some haddock may be sustainable, but hard to identify as such. "
Herring (North Sea),True,low,A popular oily fish often seen pickled or fried. Fisheries in the North Sea are carefully managed and hence sustainable.,,"http://www.fishonline.org/fishfinder?fish=herring, http://www.fda.gov/food/foodborneillnesscontaminants/metals/ucm115644.htm","The sustainability of herring heavily depends on its source, with the MCS listing 19 different kinds of sources rated between 1-5. North Sea herring appears to be the most reliably sustainable option. Be very careful to ensure correct sourcing. "
Herring (Other),False,low,"A popular oily fish often seen pickled or fried. Many herring fisheries, especially in the Baltic and around parts of Scotland and Ireland are in an extremely bad condition, with stocks near-eradicated.",,"http://www.fishonline.org/fishfinder?fish=herring, http://www.fda.gov/food/foodborneillnesscontaminants/metals/ucm115644.htm","The sustainability of herring heavily depends on its source, with the MCS listing 19 different kinds of sources rated between 1-5. North Sea herring appears to be the most reliably sustainable option. Be very careful to ensure correct sourcing. "
John Dory,False,?,"Recognizable by a dark spot on its side and a spiny crest, the john dory or peter's fish is vulnerable and often taken as bycatch from trawls. ",,http://www.fishonline.org/fishfinder?fish=dory,The MCS rates john dory as 3. 
King Crab (US),True,low,"Large, red, spiky crabs. Critically overfished in Russia, where most imported crabs come from. US-sourced king crab may be OK. ",,"http://www.seafoodwatch.org/cr/seafoodwatch/web/sfw_factsheet.aspx?gid=17, http://www.fda.gov/food/foodborneillnesscontaminants/metals/ucm115644.htm","The Monterey Bay Aquarium rates US king crab as a ""Good Alternative"", but other king crab as ""Avoid"". "
King Crab (Other),False,low,"Large, red, spiky crabs. Critically overfished in Russia, where most imported crabs come from. US-sourced king crab may be OK. ",,"http://www.seafoodwatch.org/cr/seafoodwatch/web/sfw_factsheet.aspx?gid=17, http://www.fda.gov/food/foodborneillnesscontaminants/metals/ucm115644.htm","The Monterey Bay Aquarium rates US king crab as a ""Good Alternative"", but other king crab as ""Avoid"". "
King Prawn (Organic Farmed),True,?,Large pink prawns. Organically certified farms reduce the environmental damage that may be caused by prawn farming.,,http://www.fishonline.org/fishfinder?fish=king,"The MCS rates organically farmed king prawns as 1, and prawns from other sources as 3-5. The Monterey Bay Aquarium and Greenpeace have no data. "
King Prawn (Other Farmed),False,?,"Large pink prawns. Prawn farming may cause: destruction of habitats through conversion into pond systems, nutrient runoff, freshwater lakes being turned into saltwater and the spread of disease to wild prawns. Prawns require a lot of fishmeal that tends to come from unclear sources.",,http://www.fishonline.org/fishfinder?fish=king,"The MCS rates organically farmed king prawns as 1, and prawns from other sources as 3-5. The Monterey Bay Aquarium and Greenpeace have no data. "
King Prawn (Wild Caught),False,?,Large pink prawns. Fished tiger prawns are not environmentally sustainable.,,http://www.fishonline.org/fishfinder?fish=king,"The MCS rates organically farmed king prawns as 1, and prawns from other sources as 3-5. The Monterey Bay Aquarium and Greenpeace have no data. "
Lobster (Mexican and European),True,high,"Large, large-clawed crustacean. Lobsters can live for at least a hundred years, and there are indications that they may not die of old age at all. Many lobster stocks are inaedequately managed and monitored. ",,"http://www.seafoodwatch.org/cr/seafoodwatch/web/sfw_factsheet.aspx?gid=30, http://www.fishonline.org/fishfinder?fish=lobster, http://www.nmfs.noaa.gov/fishwatch/species/amer_lobster.htm","The Monterey Bay Aquarium rates Mexican lobster as ""Best Choice"" while painting a complex picture of US lobster. The MCS rates European lobster as 1-2. "
Lobster (Other),False,high,"Large, large-clawed crustacean. Lobsters can live for at least a hundred years, and there are indications that they may not die of old age at all. Many lobster stocks are inaedequately managed and monitored. ",,"http://www.seafoodwatch.org/cr/seafoodwatch/web/sfw_factsheet.aspx?gid=30, http://www.fishonline.org/fishfinder?fish=lobster, http://www.nmfs.noaa.gov/fishwatch/species/amer_lobster.htm","The Monterey Bay Aquarium rates Mexican lobster as ""Best Choice"" while painting a complex picture of US lobster. The MCS rates European lobster as 1-2. "
Mackerel,True,low,A dark-fleshed fish often found smoked or canned. Stocks are generally OK but avoid Mediterranean mackerel. ,,"http://www.seafoodwatch.org/cr/seafoodwatch/web/sfw_factsheet.aspx?gid=31, http://www.fishonline.org/fishfinder?fish=mackerel, http://www.fda.gov/food/foodborneillnesscontaminants/metals/ucm115644.htm","The Monterey Bay Aquarium lists mackerel as ""Best Choice"" or ""Good Alternative"". The MCS is currently evaluating its data. "
Mahi-Mahi/Dolphinfish,True,?,"A large, bright yellow fish with a large back fin. ",,"http://www.seafoodwatch.org/cr/seafoodwatch/web/sfw_factsheet.aspx?gid=32, http://www.fishonline.org/fishfinder?fish=mahi, http://www.nmfs.noaa.gov/fishwatch/species/dolphinfish.htm","The Monterey Bay Aquarium lists mahi mahi from the US as ""Best Choice"" and other non-longline fished mahi mahi as a ""Good Alternative"", except for fish from Costa Rica, Guatemala and Peru. The MCS rates it as 2-3. As a large and badly monitored fish, it is potentially threatened, but in the absence of evidence for this, it is labeled as ""sustainable"". "
Marlin,False,high,A large and very fast predatory fish with a large back fin. Stocks are in very poor condition and very badly managed. ,,"http://www.seafoodwatch.org/cr/seafoodwatch/web/sfw_factsheet.aspx?gid=33, http://www.fishonline.org/fishfinder?fish=marlin, http://www.fda.gov/food/foodborneillnesscontaminants/metals/ucm115644.htm","The Monterey Bay Aquarium rates most marlin as ""Avoid"", with the exception of Hawaiian marlin, which is rates as a ""Good Alternative"". The MCS rates all marlin as 4-5. "
Monkfish,False,high,"A bottom-dwelling anglerfish with a wide toothy mouth. Also known as ankoh, angler  or goosefish. Monkfish are caught by bottom trawls that badly damage the seafloor and produce a lot of bycatch, or by gillnets that kill turtles and dolphins. ",,"http://www.seafoodwatch.org/cr/seafoodwatch/web/sfw_factsheet.aspx?gid=34, http://www.fishonline.org/fishfinder?fish=monkfish, http://www.greenpeace.org/usa/en/campaigns/oceans/seafood/red-fish/, http://www.fda.gov/food/foodborneillnesscontaminants/metals/ucm115644.htm","The Monterey Bay Aquarium rates Atlantic monkfish as a good alternative, but the MCS rates it as 4. It is also on the Greenpeace red list. "
Mussels,True,?,"Farmed mussels do not require feeding or chemical treatment and hence have a very low environmental impact. Wild mussels are generally sustainable, but avoid ones harvested by dredging as this damages the seafloor. ",,"http://www.seafoodwatch.org/cr/seafoodwatch/web/sfw_factsheet.aspx?gid=36, http://www.fishonline.org/fishfinder?fish=mussels","The MCS and Monterey Bay Aquarium agree that farmed mussels are very sustainable. According to the MCS, farmed mussels are rated 1 while others are under evaluation. "
Northern Prawn,True,low,Small pink prawns. ,,"http://www.seafoodwatch.org/cr/seafoodwatch/web/sfw_factsheet.aspx?gid=58, http://www.fishonline.org/fishfinder?fish=prawn, http://www.fda.gov/food/foodborneillnesscontaminants/metals/ucm115644.htm","The Monterey Bay Aquarium rates northern shrimp from Alaska as a ""Best Choice"". The MCS rates northern prawn from the atlantic as 1-2. "
Orange Roughy/Slimehead,False,high,"A large sedentary fish living in deep waters. It is slow-growing and late to mature, and not sustainable as a food source. ",,"http://www.seafoodwatch.org/cr/seafoodwatch/web/sfw_factsheet.aspx?gid=39, http://www.greenpeace.org/usa/en/campaigns/oceans/seafood/red-fish/, http://www.fda.gov/food/foodborneillnesscontaminants/metals/ucm115644.htm","The Monterey Bay Aquarium rates orange roughy as ""Avoid"", and it's on the Greenpeace red list. The MCS and FishWatch and have no data. "
Oysters,True,low,"Oyster farms have very little environmental impact. Avoid dredged wild oysters, as their harvesting can seriously damage the seafloor. ",,"http://www.seafoodwatch.org/cr/seafoodwatch/web/sfw_factsheet.aspx?gid=40, http://www.fishonline.org/fishfinder?fish=oyster, http://www.fda.gov/food/foodborneillnesscontaminants/metals/ucm115644.htm","The Monterey Bay Aquarium approves oysters, and the MCS is currently evaluating its data and has no advice. Wild oysters may be problematic due to environmental damage caused by dredging, but most oysters are farmed. FishWatch and Greenpeace have no data. "
Pangasius (Certifi√© GlobalGAP/ASC),True,?,"A mild-flavoured kind of catfish commonly farmed in Asia. Prefer ASC or GlobalGap-certified fish, as other farmed Pangasius can badly impact the environment. ",,http://www.fishonline.org/fishfinder?fish=pangasius,"The MCS rates ASC certified pangasius as 2 and GlobalGAP certified fish as 3. No information is given on other pangasius, implying it is not sustainable. "
Pangasius (Other),False,?,"A mild-flavoured kind of catfish commonly farmed in Asia. Prefer ASC or GlobalGap-certified fish, as other farmed Pangasius can badly impact the environment. ",,http://www.fishonline.org/fishfinder?fish=pangasius,"The MCS rates ASC certified pangasius as 2 and GlobalGAP certified fish as 3. No information is given on other pangasius, implying it is not sustainable. "
Pink Shrimp (Alaska and Canada),True,low,Small pink crustaceans. ,,"http://www.seafoodwatch.org/cr/seafoodwatch/web/sfw_factsheet.aspx?gid=58, http://www.fda.gov/food/foodborneillnesscontaminants/metals/ucm115644.htm","The Monterey Bay Aquarium lists pink shrimp from Alaska as a ""Best Choice"" and Canadian shrimp as a ""Good Alternative"", but advises against pink shrimp from other sources, especially Louisiana and Mexico. "
Pink Shrimp (MSC Certified),True,low,Small pink crustaceans. ,,"http://www.seafoodwatch.org/cr/seafoodwatch/web/sfw_factsheet.aspx?gid=58, http://www.fda.gov/food/foodborneillnesscontaminants/metals/ucm115644.htm","The Monterey Bay Aquarium lists pink shrimp from Alaska as a ""Best Choice"" and Canadian shrimp as a ""Good Alternative"", but advises against pink shrimp from other sources, especially Louisiana and Mexico. "
Pink Shrimp (Other),False,low,Small pink crustaceans. ,,"http://www.seafoodwatch.org/cr/seafoodwatch/web/sfw_factsheet.aspx?gid=58, http://www.fda.gov/food/foodborneillnesscontaminants/metals/ucm115644.htm","The Monterey Bay Aquarium lists pink shrimp from Alaska as a ""Best Choice"" and Canadian shrimp as a ""Good Alternative"", but advises against pink shrimp from other sources, especially Louisiana and Mexico. "
Plaice,False,low,A very popular and very overfished flatfish. ,,"http://www.seafoodwatch.org/cr/seafoodwatch/web/sfw_factsheet.aspx?gid=42, http://www.fishonline.org/fishfinder?fish=plaice, http://www.fda.gov/food/foodborneillnesscontaminants/metals/ucm115644.htm","The Monterey Bay Aquarium lists plaice as a ""Good Alternative"". The MCS rates plaice as 3-5. "
Pollock/Pollack,True,low,"A relative of the cod, it is a good alternative to that fish. ",,"http://www.seafoodwatch.org/cr/seafoodwatch/web/sfw_factsheet.aspx?gid=43, http://www.fishonline.org/fishfinder?fish=pollock, http://www.fda.gov/food/foodborneillnesscontaminants/metals/ucm115644.htm","The Monterey Bay Aquarium lists all pollock apart from Icelandic pollock as ""Best Choice""/""Good Alternative"". The MCS rates it as 2-3. "
Pouting/Bib,True,?,"Living on the European coast, pouting is mostly caught as bycatch. Eat it instead of having it thrown back or ground into fishmeal. ",,http://www.fishonline.org/fishfinder?fish=pouting,The MCS rates pouting as 2. The Monterey Bay Aquarium and Greenpeace have no data. 
Ray,False,?,"Cartilaginous fish with ""wings"" and a long, thin tail. They are severely overfished and in decline. ",,"http://www.fishonline.org/fishfinder?fish=ray, http://www.greenpeace.org/usa/en/campaigns/oceans/seafood/red-fish/",The MCS rates all rays as 5. Greenpeace has rays on its red list. The Monterey Bay Aquarium has no data. 
Razor Clam,False,?,"Razor clam stocks are depleted and badly managed. They are threatened by an illegal fishing method known as ""electric fishing"", where electrodes dragged along the sea bed are used to chase them out of their burrows. ",,"http://www.seafoodwatch.org/cr/seafoodwatch/web/sfw_factsheet.aspx?gid=12, http://www.fishonline.org/fishfinder?fish=clam","The Monterey Bay Aquarium lumps in razor clams along with other clams as ""Best Choice"". However, the MCS paints a different picture, rating them 3-5 depending on the method of collection. "
Salmon (Organic Farmed),True,low,The MCS rates most farmed salmon as a bad choice but makes an exception for organic-certified European salmon.,,"http://www.seafoodwatch.org/cr/seafoodwatch/web/sfw_factsheet.aspx?gid=49, http://www.fishonline.org/fishfinder.php?fish=salmon, http://www.fda.gov/food/foodborneillnesscontaminants/metals/ucm115644.htm","The MCS lists wild-caught salmon as a 5, and rates most farmed salmon as a 3. The Monterey Bay Aquarium lists the same farmed salmon as Avoid, making it not recommended, but does specifically mention Alaskan and Coho as good options. "
Salmon (Coho / Silver Salmon US/Canadian Farmed),False,low,The Monterey Bay Aquarium lists farmed US Coho as a Best Choice and wild Canadian Coho as a good alternative.,,"http://www.seafoodwatch.org/cr/seafoodwatch/web/sfw_factsheet.aspx?gid=49, http://www.fishonline.org/fishfinder.php?fish=salmon, http://www.fda.gov/food/foodborneillnesscontaminants/metals/ucm115644.htm","The MCS lists wild-caught salmon as a 5, and rates most farmed salmon as a 3. The Monterey Bay Aquarium lists the same farmed salmon as Avoid, making it not recommended, but does specifically mention Alaskan and Coho as good options. "
Salmon (Alaskan),True,low,"Salmon stocks in Alaska are very carefully managed and monitored, which makes this a very sustainable option.","february, march, april, may, june, july, august","http://www.seafoodwatch.org/cr/seafoodwatch/web/sfw_factsheet.aspx?gid=49, http://www.fishonline.org/fishfinder.php?fish=salmon, http://www.fda.gov/food/foodborneillnesscontaminants/metals/ucm115644.htm","The MCS lists wild-caught salmon as a 5, and rates most farmed salmon as a 3. The Monterey Bay Aquarium lists the same farmed salmon as Avoid, making it not recommended, but does specifically mention Alaskan and Coho as good options. "
Salmon (Other),False,low,The environmental impact of most salmon farming and fishing is high.,,"http://www.seafoodwatch.org/cr/seafoodwatch/web/sfw_factsheet.aspx?gid=49, http://www.fishonline.org/fishfinder.php?fish=salmon, http://www.fda.gov/food/foodborneillnesscontaminants/metals/ucm115644.htm","The MCS lists wild-caught salmon as a 5, and rates most farmed salmon as a 3. The Monterey Bay Aquarium lists the same farmed salmon as Avoid, making it not recommended, but does specifically mention Alaskan and Coho as good options. "
Sardine (Mediterranean),False,low,Small oily fish often found in tins. ,,"http://www.seafoodwatch.org/cr/seafoodwatch/web/sfw_factsheet.aspx?gid=51, http://www.fishonline.org/fishfinder?fish=sardine, http://www.fda.gov/food/foodborneillnesscontaminants/metals/ucm115644.htm","The Monterey Bay Aquarium rates Mediterranean sardines as ""Avoid"" but Pacific sardines as ""Best Choice"". The MCS rates Atlantic sources as 2-3. "
Sardine (Other),True,low,Small oily fish often found in tins. ,,"http://www.seafoodwatch.org/cr/seafoodwatch/web/sfw_factsheet.aspx?gid=51, http://www.fishonline.org/fishfinder?fish=sardine, http://www.fda.gov/food/foodborneillnesscontaminants/metals/ucm115644.htm","The Monterey Bay Aquarium rates Mediterranean sardines as ""Avoid"" but Pacific sardines as ""Best Choice"". The MCS rates Atlantic sources as 2-3. "
Seabass (Farmed with Recirculation System),True,high,"A charismatic fish especially prized in Greece. If farmed properly, Seabass can be very sustainable.",,"http://www.seafoodwatch.org/cr/seafoodwatch/web/sfw_factsheet.aspx?gid=117, http://www.fishonline.org/fishfinder?fish=seabass, http://www.fda.gov/food/foodborneillnesscontaminants/metals/ucm115644.htm","The Monterey Bay Aquarium lists US black seabass caught with traps as a ""Best Choice"", but the MCS rates all seabass as 4-5 with the exception of seabass farmed in the UK with a recirculation system. "
Seabass (Other),False,high,"A charismatic fish especially prized in Greece. Avoid eating seabass caught by trawling, as this is a very damaging form of fishing. Farming seabass is associated with pollution and the spread of disease to wild fish. Seabass are carnivorous fish and have to be fed on wild-caught fish that is not sourced from a sustainable supply.",,"http://www.seafoodwatch.org/cr/seafoodwatch/web/sfw_factsheet.aspx?gid=117, http://www.fishonline.org/fishfinder?fish=seabass, http://www.fda.gov/food/foodborneillnesscontaminants/metals/ucm115644.htm","The Monterey Bay Aquarium lists US black seabass caught with traps as a ""Best Choice"", but the MCS rates all seabass as 4-5 with the exception of seabass farmed in the UK with a recirculation system. "
Shark,False,high,"Predatory cartilaginous fish. They are too rare and slow-reproducing to be a sustainable food source. Many sharks are killed just for their fins, which are cut off with the shark thrown overboard to die. ",,"http://www.seafoodwatch.org/cr/seafoodwatch/web/sfw_factsheet.aspx?gid=57, http://www.fishonline.org/fishfinder?fish=shark, http://www.greenpeace.org/usa/en/campaigns/oceans/seafood/red-fish/, http://www.fda.gov/food/foodborneillnesscontaminants/metals/ucm115644.htm","The Monterey Bay Aquarium rates some sharks as ""Good Alternative"", but the MCS rates all sharks as 5, and they are are on the Greenpeace red list. "
Skate,False,high,"Cartilaginous fish with ""wings"" and a long, thin tail. They are severely overfished and in decline. ",,"http://www.seafoodwatch.org/cr/seafoodwatch/web/sfw_factsheet.aspx?gid=59, http://www.fishonline.org/fishfinder?fish=skate, http://www.greenpeace.org/usa/en/campaigns/oceans/seafood/red-fish/, http://www.fda.gov/food/foodborneillnesscontaminants/metals/ucm115644.htm","The Monterey Bay Aquarium rates MSC certified skates as a ""Good Alternative"" but all others ""Avoid"", and the MCS rate all skates as 5. Skates are on the Greenpeace red list. "
Snapper,False,high,"A number of reef-dwelling fish species, all overfished. The fishing of snappers, be they red, crimson or otherwise coloured, is also associated with a great deal of bycatch and reef destruction. ",,"http://www.seafoodwatch.org/cr/seafoodwatch/web/sfw_factsheet.aspx?gid=61, http://www.greenpeace.org/usa/en/campaigns/oceans/seafood/red-fish/, http://www.fda.gov/food/foodborneillnesscontaminants/metals/ucm115644.htm","The Monterey Bay Aquarium list a large number of snapper species, some as ""Avoid"", others ""Good Alternative"". The MCS previously rated crimson snapper as 3 and red snapper as 5 and FishWatch stated that both red and vermilion snapper is overfished. Finally, red snapper is on the Greenpeace red list. In conclusion, while there are some types of snapper that may be somewhat sustainable, it is more practical to label all of them as unsustainable. "
Sole (MSC Certified),True,low,,,"http://www.seafoodwatch.org/cr/seafoodwatch/web/sfw_factsheet.aspx?gid=62, http://www.fishonline.org/fishfinder?fish=sole, http://www.fda.gov/food/foodborneillnesscontaminants/metals/ucm115644.htm","The Monterey Bay Aquarium lists Pacific and MSC certified sole as a ""Good Alternative"". The MCS lists Atlantic soles as 2-5 depending on the specific stock area and type. "
Sole (Pacific),True,low,,,"http://www.seafoodwatch.org/cr/seafoodwatch/web/sfw_factsheet.aspx?gid=62, http://www.fishonline.org/fishfinder?fish=sole, http://www.fda.gov/food/foodborneillnesscontaminants/metals/ucm115644.htm","The Monterey Bay Aquarium lists Pacific and MSC certified sole as a ""Good Alternative"". The MCS lists Atlantic soles as 2-5 depending on the specific stock area and type. "
Sole (Other),False,low,,,"http://www.seafoodwatch.org/cr/seafoodwatch/web/sfw_factsheet.aspx?gid=62, http://www.fishonline.org/fishfinder?fish=sole, http://www.fda.gov/food/foodborneillnesscontaminants/metals/ucm115644.htm","The Monterey Bay Aquarium lists Pacific and MSC certified sole as a ""Good Alternative"". The MCS lists Atlantic soles as 2-5 depending on the specific stock area and type. "
Spider Crab,True,?,"Large orange crabs. Prefer pot-caught spider crabs, as they are more sustainable. ",,http://www.fishonline.org/fishfinder?fish=spider+crab,"The MCS is currently evaluating data, but previously rated spider crabs as 2-3 depending on method of capture. The Monterey Bay Aquarium and Greenpeace have no data. "
"Spiny Lobster (Nicaragua, Honduras, Brazil)",False,low,"The Monterey Bay Aquarium states that spiny lobster from Mexico is sustainable, and US and Caribbean lobster is OK, while lobster from Nicaragua, Honduras and Brazil is rated as ""Avoid"". Lobster fisheries in Nicaragua, Honduras and Brazil are plagued with issues of overfishing, catching juveniles, and illegal fishing.",,"http://www.montereybayaquarium.org/cr/SeafoodWatch/web/sfw_factsheet.aspx?gid=10, http://www.fda.gov/food/foodborneillnesscontaminants/metals/ucm115644.htm",
Spiny Lobster (Other),True,low,"The Monterey Bay Aquarium states that spiny lobster from Mexico is sustainable, and US and Caribbean lobster is OK, while lobster from Nicaragua, Honduras and Brazil is rated as ""Avoid"". ",,"http://www.montereybayaquarium.org/cr/SeafoodWatch/web/sfw_factsheet.aspx?gid=10, http://www.fda.gov/food/foodborneillnesscontaminants/metals/ucm115644.htm",
"Squid (Calamari from India, China, Thailand)",False,low,"Calamari from these countries should be avoided due to issues with management, bycatch, and habitat destruction.",,"http://www.seafoodwatch.org/cr/seafoodwatch/web/sfw_factsheet.aspx?gid=64, http://www.fishonline.org/fishfinder?fish=squid, http://www.fda.gov/food/foodborneillnesscontaminants/metals/ucm115644.htm","The Monterey Bay Aquarium lists US Atlantic and Californian squid as a ""Good Alternative"", but suggests avoiding trawled calamari from India, China and Thailand. The MCS is evaluating its data but previously rated squid as 2-3. "
Squid (Other),True,low,All other types of squid.,,"http://www.seafoodwatch.org/cr/seafoodwatch/web/sfw_factsheet.aspx?gid=64, http://www.fishonline.org/fishfinder?fish=squid, http://www.fda.gov/food/foodborneillnesscontaminants/metals/ucm115644.htm","The Monterey Bay Aquarium lists US Atlantic and Californian squid as a ""Good Alternative"", but suggests avoiding trawled calamari from India, China and Thailand. The MCS is evaluating its data but previously rated squid as 2-3. "
Stone Crab,True,?,"Only the claws of stone crabs are typically eaten. Claws are obtained by catching live crabs, breaking off one claw, and throwing the claw back. The crab then grows back the claw within a year. ",,http://www.seafoodwatch.org/cr/seafoodwatch/web/sfw_factsheet.aspx?gid=17,"The Monterey Bay Aquarium lists stone crab as a ""Best Choice"". "
Striped Bass,True,high,"A popular fish in the US and other countries both for sports fishing and aquaculture. Both wild-caught and farmed striped bass are sustainable: Wild stocks are at high levels, and bass are farmed in tanks, preventing environmental contamination. ",,"http://www.seafoodwatch.org/cr/seafoodwatch/web/sfw_factsheet.aspx?gid=65, http://www.fda.gov/food/foodborneillnesscontaminants/metals/ucm115644.htm",The Monterey Bay Aquarium states that striped bass is not overfished and that farmed striped bass is generally raised inland avoiding ocean pollution. 
Sturgeon / Caviar (Farmed),True,?,"Large and slow-growing, sturgeon are a very old kind of fish - so old that they do not have scales. Sturgeon can live to more than 100 years of age and only become sexually mature at 20 years or more. They are harvested for caviar. ",,"http://www.seafoodwatch.org/cr/seafoodwatch/web/sfw_factsheet.aspx?gid=66, http://www.fishonline.org/fishfinder?fish=sturgeon","The Monterey Bay Aquarium rates farmed sturgeon as a ""Best Choice"". The MCS rates farmed sturgeon as 2-3, but wild caught as 5. "
Sturgeon / Caviar (Wild Caught),False,?,"Large and slow-growing, sturgeon are a very old kind of fish - so old that they do not have scales. Sturgeon can live to more than 100 years of age and only become sexually mature at 20 years or more. They are harvested for caviar. ",,"http://www.seafoodwatch.org/cr/seafoodwatch/web/sfw_factsheet.aspx?gid=66, http://www.fishonline.org/fishfinder?fish=sturgeon","The Monterey Bay Aquarium rates farmed sturgeon as a ""Best Choice"". The MCS rates farmed sturgeon as 2-3, but wild caught as 5. "
Swordfish (Harpoon Caught),True,high,"Nearly all swordfish is caught by longline, which is a very disruptive method that kills sharks, turtles and sea birds. Swordfish reproduce too slowly to be a sustainable food fish. Using harpoons to catch swordfish avoids the issues of longline fishing and similar methods.",,"http://www.seafoodwatch.org/cr/seafoodwatch/web/sfw_factsheet.aspx?gid=68, http://www.fishonline.org/fishfinder?fish=swordfish, http://www.fda.gov/food/foodborneillnesscontaminants/metals/ucm115644.htm","The Monterey Bay Aquarium lists harpooned Hawaiian and some US swordfish as ""Best Choice"", but other US swordfish as ""Good Alternative"", and other swordfish as ""Avoid"". The MCS lists swordfish as 2-5 depending on source. Swordfish is also on the Greenpeace red list, but they state that Hawaiian, Californian and Oregonian swordfish is well managed and a good alternative. "
Swordfish (Other),False,high,"Nearly all swordfish is caught by longline, which is a very disruptive method that kills sharks, turtles and sea birds. Swordfish reproduce too slowly to be a sustainable food fish. ",,"http://www.seafoodwatch.org/cr/seafoodwatch/web/sfw_factsheet.aspx?gid=68, http://www.fishonline.org/fishfinder?fish=swordfish, http://www.fda.gov/food/foodborneillnesscontaminants/metals/ucm115644.htm","The Monterey Bay Aquarium lists harpooned Hawaiian and some US swordfish as ""Best Choice"", but other US swordfish as ""Good Alternative"", and other swordfish as ""Avoid"". The MCS lists swordfish as 2-5 depending on source. Swordfish is also on the Greenpeace red list, but they state that Hawaiian, Californian and Oregonian swordfish is well managed and a good alternative. "
"Tiger Prawn (Organic, ASC or GlobalGAP Certified)",True,?,"Tiger prawns are large striped prawns. Organically certified farms vastly reduce the environmental damage that may be caused by prawn farming. Zero input farming insulates the farm from the environment, reducing environmental damage.",,"http://www.seafoodwatch.org/cr/seafoodwatch/web/sfw_factsheet.aspx?gid=58, http://www.fishonline.org/fishfinder?fish=tiger","The Monterey Bay Aquarium rates imported tiger prawn as ""Avoid"". The MCS rates all wild fished and intensively farmed tiger prawns as 5. However, the MCS rates organic and zero input farmed tiger prawns as 1-2. "
Tiger Prawn (Other Farmed),False,?,"Tiger prawns are large striped prawns. Prawn farming may cause: destruction of habitats through conversion into pond systems, nutrient runoff, freshwater lakes being turned into saltwater and the spread of disease to wild prawns. Prawns require a lot of fishmeal that tends to come from unclear sources.",,"http://www.seafoodwatch.org/cr/seafoodwatch/web/sfw_factsheet.aspx?gid=58, http://www.fishonline.org/fishfinder?fish=tiger","The Monterey Bay Aquarium rates imported tiger prawn as ""Avoid"". The MCS rates all wild fished and intensively farmed tiger prawns as 5. However, the MCS rates organic and zero input farmed tiger prawns as 1-2. "
Tiger Prawn (Wild Caught),False,?,Tiger prawns are large striped prawns. Trawl fishing for tiger prawns produces a quarter of the world's by-catch. (Unwanted sea life that is caught and killed alongside the prawns.),,"http://www.seafoodwatch.org/cr/seafoodwatch/web/sfw_factsheet.aspx?gid=58, http://www.fishonline.org/fishfinder?fish=tiger","The Monterey Bay Aquarium rates imported tiger prawn as ""Avoid"". The MCS rates all wild fished and intensively farmed tiger prawns as 5. However, the MCS rates organic and zero input farmed tiger prawns as 1-2. "
Tilapia,True,low,"A popular farmed white fish. Choose tilapia farmed in well-managed pond systems insulated from natural bodies of water is very sustainable. Look for organic Tilapia or fish produced in ""closed recirculation systems"". ",,"http://www.seafoodwatch.org/cr/seafoodwatch/web/sfw_factsheet.aspx?gid=69, http://www.fishonline.org/fishfinder?fish=tilapia, http://www.fda.gov/food/foodborneillnesscontaminants/metals/ucm115644.htm",The Monterey Bay Aquarium lists tilapia farmed in recirculating tanks or well-managed pond systems as a Best Choice and others as a good alternative. The MCS rates tilapia as a 1-2. 
Trout (Rainbow Trout),True,low,A farmed freshwater fish with reddish flesh that is a popular alternative to salmon.,,"http://www.montereybayaquarium.org/cr/SeafoodWatch/web/sfw_factsheet.aspx?fid=64, http://www.fishonline.org/fishfinder?fish=rainbow, http://www.fda.gov/food/foodborneillnesscontaminants/metals/ucm115644.htm","Monterey Bay Aquarium states that farmed rainbow trout are a good choice. The MCS rate farmed rainbow trout as 1-3 on a scale of 5, with 1 for organic farmed trout. FishWatch and Greenpeace have no data."
Trout (Other),False,low,Sea and lake trout are not fished sustainably.,,"http://www.montereybayaquarium.org/cr/SeafoodWatch/web/sfw_factsheet.aspx?fid=236, http://www.fishonline.org/fishfinder?fish=trout, http://www.fda.gov/food/foodborneillnesscontaminants/metals/ucm115644.htm",Monterey Bay Aquarium gives a negative picture for sea trout. MCS rate it 3. FishWatch and Greenpeace have no data.
"Tuna (Troll/Pole-and-Line Pacific Skipjack, Yellowfin and Albacore)",True,high,"A family of large predatory fish with very dark meat. Look for these kinds of tuna from the Pacific caught by troll/pole-and-line fishing, which is more or less sustainable.",,"http://www.montereybayaquarium.org//cr/SeafoodWatch/web/sfw_factsheet.aspx?gid=74, http://www.fishonline.org/fishfinder?fish=tuna, http://www.fda.gov/food/foodborneillnesscontaminants/metals/ucm115644.htm","Skipjack, Yellowfin and Albacore are rated by the MCS as 2-3 in certain conditions. Other species, especially Bluefin, are rated as unsustainable. "
Tuna (Other),False,high,"A family of large predatory fish with very dark meat. Other tuna, especially bluefin, is heavily endangered and very unsustainable.",,"http://www.montereybayaquarium.org//cr/SeafoodWatch/web/sfw_factsheet.aspx?gid=74, http://www.fishonline.org/fishfinder?fish=tuna, http://www.fda.gov/food/foodborneillnesscontaminants/metals/ucm115644.htm","Skipjack, Yellowfin and Albacore are rated by the MCS as 2-3 in certain conditions. Other species, especially Bluefin, are rated as unsustainable. "
Turbot (Farmed),True,?,"A large flatfish prized for its white, subtly-flavoured flesh. ",,http://www.fishonline.org/fishfinder?fish=turbot,"The MCS rates all wild caught turbot as 3-5, but (onshore open circuit) farmed turbot as 2. "
Turbot (Wild Caught),False,?,"A large flatfish prized for its white, subtly-flavoured flesh. ",,http://www.fishonline.org/fishfinder?fish=turbot,"The MCS rates all wild caught turbot as 3-5, but (onshore open circuit) farmed turbot as 2. "
Walleye (US),True,high,"The walleye, not to be confused with the walleye pollock, is a fish from the US great lakes. The Environmental Defense Fund has issued a consumption advisory for walleye due to high levels of mercury and PCBs. ",,http://www.seafoodwatch.org/cr/seafoodwatch/web/sfw_factsheet.aspx?gid=82,"The Monterey Bay Aquarium rates walleye as a ""Good Alternative"". The MCS and Greenpeace have no data. "
Yellow Perch (US),True,high,The yellow perch is a predatory fish from the US great lakes. ,,"http://www.seafoodwatch.org/cr/seafoodwatch/web/sfw_factsheet.aspx?gid=41, http://www.fda.gov/food/foodborneillnesscontaminants/metals/ucm115644.htm","The Monterey Bay Aquarium rates yellow perch as a ""Best Choice""/""Good Alternative"". The MCS Greenpeace have no data. "
Zander / Pike-Perch,True,?,"Sometimes called a pike-perch, the zander is a predatory fish that lives in rivers and lakes in Europe. It is a popular game and food fish. Zander not native to the UK and is considered an invasive species there. ",,http://www.iucnredlist.org/apps/redlist/details/20860/0,"The Monterey Bay Aquarium, Greenpeace, the MCS, and FishWatch have no data. The IUCN rates Zander as ""Least Concern"". "
